[
  {
    "inputs": [
      { "internalType": "address", "name": "_vault", "type": "address" },
      { "internalType": "address", "name": "_usdg", "type": "address" },
      { "internalType": "address", "name": "_glp", "type": "address" },
      {
        "internalType": "uint256",
        "name": "_cooldownDuration",
        "type": "uint256"
      }
    ],
    "stateMutability": "nonpayable",
    "type": "constructor"
  },
  {
    "anonymous": false,
    "inputs": [
      {
        "indexed": false,
        "internalType": "address",
        "name": "account",
        "type": "address"
      },
      {
        "indexed": false,
        "internalType": "address",
        "name": "token",
        "type": "address"
      },
      {
        "indexed": false,
        "internalType": "uint256",
        "name": "amount",
        "type": "uint256"
      },
      {
        "indexed": false,
        "internalType": "uint256",
        "name": "aumInUsdg",
        "type": "uint256"
      },
      {
        "indexed": false,
        "internalType": "uint256",
        "name": "glpSupply",
        "type": "uint256"
      },
      {
        "indexed": false,
        "internalType": "uint256",
        "name": "usdgAmount",
        "type": "uint256"
      },
      {
        "indexed": false,
        "internalType": "uint256",
        "name": "mintAmount",
        "type": "uint256"
      }
    ],
    "name": "AddLiquidity",
    "type": "event"
  },
  {
    "anonymous": false,
    "inputs": [
      {
        "indexed": false,
        "internalType": "address",
        "name": "account",
        "type": "address"
      },
      {
        "indexed": false,
        "internalType": "address",
        "name": "token",
        "type": "address"
      },
      {
        "indexed": false,
        "internalType": "uint256",
        "name": "glpAmount",
        "type": "uint256"
      },
      {
        "indexed": false,
        "internalType": "uint256",
        "name": "aumInUsdg",
        "type": "uint256"
      },
      {
        "indexed": false,
        "internalType": "uint256",
        "name": "glpSupply",
        "type": "uint256"
      },
      {
        "indexed": false,
        "internalType": "uint256",
        "name": "usdgAmount",
        "type": "uint256"
      },
      {
        "indexed": false,
        "internalType": "uint256",
        "name": "amountOut",
        "type": "uint256"
      }
    ],
    "name": "RemoveLiquidity",
    "type": "event"
  },
  {
    "inputs": [],
    "name": "MAX_COOLDOWN_DURATION",
    "outputs": [{ "internalType": "uint256", "name": "", "type": "uint256" }],
    "stateMutability": "view",
    "type": "function"
  },
  {
    "inputs": [],
    "name": "PRICE_PRECISION",
    "outputs": [{ "internalType": "uint256", "name": "", "type": "uint256" }],
    "stateMutability": "view",
    "type": "function"
  },
  {
    "inputs": [],
    "name": "USDG_DECIMALS",
    "outputs": [{ "internalType": "uint256", "name": "", "type": "uint256" }],
    "stateMutability": "view",
    "type": "function"
  },
  {
    "inputs": [
      { "internalType": "address", "name": "_token", "type": "address" },
      { "internalType": "uint256", "name": "_amount", "type": "uint256" },
      { "internalType": "uint256", "name": "_minUsdg", "type": "uint256" },
      { "internalType": "uint256", "name": "_minGlp", "type": "uint256" }
    ],
    "name": "addLiquidity",
    "outputs": [{ "internalType": "uint256", "name": "", "type": "uint256" }],
    "stateMutability": "nonpayable",
    "type": "function"
  },
  {
    "inputs": [
      {
        "internalType": "address",
        "name": "_fundingAccount",
        "type": "address"
      },
      { "internalType": "address", "name": "_account", "type": "address" },
      { "internalType": "address", "name": "_token", "type": "address" },
      { "internalType": "uint256", "name": "_amount", "type": "uint256" },
      { "internalType": "uint256", "name": "_minUsdg", "type": "uint256" },
      { "internalType": "uint256", "name": "_minGlp", "type": "uint256" }
    ],
    "name": "addLiquidityForAccount",
    "outputs": [{ "internalType": "uint256", "name": "", "type": "uint256" }],
    "stateMutability": "nonpayable",
    "type": "function"
  },
  {
    "inputs": [],
    "name": "aumAddition",
    "outputs": [{ "internalType": "uint256", "name": "", "type": "uint256" }],
    "stateMutability": "view",
    "type": "function"
  },
  {
    "inputs": [],
    "name": "aumDeduction",
    "outputs": [{ "internalType": "uint256", "name": "", "type": "uint256" }],
    "stateMutability": "view",
    "type": "function"
  },
  {
    "inputs": [],
    "name": "cooldownDuration",
    "outputs": [{ "internalType": "uint256", "name": "", "type": "uint256" }],
    "stateMutability": "view",
    "type": "function"
  },
  {
    "inputs": [{ "internalType": "bool", "name": "maximise", "type": "bool" }],
    "name": "getAum",
    "outputs": [{ "internalType": "uint256", "name": "", "type": "uint256" }],
    "stateMutability": "view",
    "type": "function"
  },
  {
    "inputs": [{ "internalType": "bool", "name": "maximise", "type": "bool" }],
    "name": "getAumInUsdg",
    "outputs": [{ "internalType": "uint256", "name": "", "type": "uint256" }],
    "stateMutability": "view",
    "type": "function"
  },
  {
    "inputs": [],
    "name": "getAums",
    "outputs": [
      { "internalType": "uint256[]", "name": "", "type": "uint256[]" }
    ],
    "stateMutability": "view",
    "type": "function"
  },
  {
    "inputs": [],
    "name": "glp",
    "outputs": [{ "internalType": "address", "name": "", "type": "address" }],
    "stateMutability": "view",
    "type": "function"
  },
  {
    "inputs": [],
    "name": "gov",
    "outputs": [{ "internalType": "address", "name": "", "type": "address" }],
    "stateMutability": "view",
    "type": "function"
  },
  {
    "inputs": [],
    "name": "inPrivateMode",
    "outputs": [{ "internalType": "bool", "name": "", "type": "bool" }],
    "stateMutability": "view",
    "type": "function"
  },
  {
    "inputs": [{ "internalType": "address", "name": "", "type": "address" }],
    "name": "isHandler",
    "outputs": [{ "internalType": "bool", "name": "", "type": "bool" }],
    "stateMutability": "view",
    "type": "function"
  },
  {
    "inputs": [{ "internalType": "address", "name": "", "type": "address" }],
    "name": "lastAddedAt",
    "outputs": [{ "internalType": "uint256", "name": "", "type": "uint256" }],
    "stateMutability": "view",
    "type": "function"
  },
  {
    "inputs": [
      { "internalType": "address", "name": "_tokenOut", "type": "address" },
      { "internalType": "uint256", "name": "_glpAmount", "type": "uint256" },
      { "internalType": "uint256", "name": "_minOut", "type": "uint256" },
      { "internalType": "address", "name": "_receiver", "type": "address" }
    ],
    "name": "removeLiquidity",
    "outputs": [{ "internalType": "uint256", "name": "", "type": "uint256" }],
    "stateMutability": "nonpayable",
    "type": "function"
  },
  {
    "inputs": [
      { "internalType": "address", "name": "_account", "type": "address" },
      { "internalType": "address", "name": "_tokenOut", "type": "address" },
      { "internalType": "uint256", "name": "_glpAmount", "type": "uint256" },
      { "internalType": "uint256", "name": "_minOut", "type": "uint256" },
      { "internalType": "address", "name": "_receiver", "type": "address" }
    ],
    "name": "removeLiquidityForAccount",
    "outputs": [{ "internalType": "uint256", "name": "", "type": "uint256" }],
    "stateMutability": "nonpayable",
    "type": "function"
  },
  {
    "inputs": [
      { "internalType": "uint256", "name": "_aumAddition", "type": "uint256" },
      { "internalType": "uint256", "name": "_aumDeduction", "type": "uint256" }
    ],
    "name": "setAumAdjustment",
    "outputs": [],
    "stateMutability": "nonpayable",
    "type": "function"
  },
  {
    "inputs": [
      {
        "internalType": "uint256",
        "name": "_cooldownDuration",
        "type": "uint256"
      }
    ],
    "name": "setCooldownDuration",
    "outputs": [],
    "stateMutability": "nonpayable",
    "type": "function"
  },
  {
    "inputs": [
      { "internalType": "address", "name": "_gov", "type": "address" }
    ],
    "name": "setGov",
    "outputs": [],
    "stateMutability": "nonpayable",
    "type": "function"
  },
  {
    "inputs": [
      { "internalType": "address", "name": "_handler", "type": "address" },
      { "internalType": "bool", "name": "_isActive", "type": "bool" }
    ],
    "name": "setHandler",
    "outputs": [],
    "stateMutability": "nonpayable",
    "type": "function"
  },
  {
    "inputs": [
      { "internalType": "bool", "name": "_inPrivateMode", "type": "bool" }
    ],
    "name": "setInPrivateMode",
    "outputs": [],
    "stateMutability": "nonpayable",
    "type": "function"
  },
  {
    "inputs": [],
    "name": "usdg",
    "outputs": [{ "internalType": "address", "name": "", "type": "address" }],
    "stateMutability": "view",
    "type": "function"
  },
  {
    "inputs": [],
    "name": "vault",
    "outputs": [
      { "internalType": "contract IVault", "name": "", "type": "address" }
    ],
    "stateMutability": "view",
    "type": "function"
  }
]
